{"betas": [0.1573532670736313, 0.8176135420799255, -0.22975534200668335, -0.7499091029167175, 0.3469204306602478, 0.1852898746728897, -0.05929616093635559, 0.21876201033592224, 0.8841837644577026, -0.3033696115016937], "pose": [0.16892218589782715, -0.08811324834823608, 0.02319163642823696, 0.1736059933900833, 0.06771569699048996, 0.015219568274915218, 0.1643482744693756, -1.2479321753744443e-07, 0.025017278268933296, 0.32223016023635864, -0.07382887601852417, -0.03794794902205467, 0.30827268958091736, 0.04878200963139534, 0.18896140158176422, -0.16357110440731049, -0.008805409073829651, 0.039387281984090805, -0.12384258210659027, 0.21872174739837646, -0.09934346377849579, 0.08508472889661789, -0.5433575510978699, -0.006004530470818281, 0.13526701927185059, -0.0024235807359218597, -0.028420517221093178, -0.06235165148973465, 0.2171403169631958, 0.09605376422405243, -0.1156451553106308, -0.41334858536720276, -0.0925370454788208, -0.33184781670570374, -0.0150181595236063, 0.07123643159866333, 0.035232365131378174, -0.16690345108509064, -0.11284045875072479, 0.02640717849135399, 0.1478649526834488, 0.15471601486206055, 0.0927702933549881, -0.0032519493252038956, -0.10898934304714203, -0.09035128355026245, -0.3258785903453827, -0.920635461807251, -0.042101696133613586, 0.06775590032339096, 0.9400957822799683, 0.11060060560703278, 0.03364207223057747, -0.1450078934431076, 0.10937321931123734, -0.13255512714385986, 0.029378462582826614, 0.06504014134407043, 0.029553920030593872, -0.017527317628264427, 0.06516797840595245, -0.01441947091370821, -0.027165476232767105, -0.16775654256343842, 0.02858291193842888, -0.15205304324626923, -0.1713983416557312, 0.0903610959649086, 0.1315472424030304]}